application;project;bug id;count;compile;execution;sum;fileGenerated;container
Flacoco;Codec;18;1;16661;56835;73496;true;lab_codec18flacoco_20230131003024
Flacoco;Codec;18;2;16200;52723;68923;true;lab_codec18flacoco_20230131003024
Flacoco;Codec;18;3;17206;53912;71118;true;lab_codec18flacoco_20230131003024
Flacoco;Codec;18;4;15760;53660;69420;true;lab_codec18flacoco_20230131003024
Flacoco;Codec;18;5;16900;52522;69422;true;lab_codec18flacoco_20230131003024
Flacoco;Codec;18;6;15731;52271;68002;true;lab_codec18flacoco_20230131003024
Flacoco;Codec;18;7;15408;50840;66248;true;lab_codec18flacoco_20230131003024
Flacoco;Codec;18;8;15349;53410;68759;true;lab_codec18flacoco_20230131003024
Flacoco;Codec;18;9;15453;52200;67653;true;lab_codec18flacoco_20230131003024
Flacoco;Codec;18;10;16417;51422;67839;true;lab_codec18flacoco_20230131003024
GZoltarCLI;Codec;18;1;16879;57769;74648;true;lab_codec18gzoltarcli_20230131012450
GZoltarCLI;Codec;18;2;15989;59980;75969;true;lab_codec18gzoltarcli_20230131012450
GZoltarCLI;Codec;18;3;15891;54813;70704;true;lab_codec18gzoltarcli_20230131012450
GZoltarCLI;Codec;18;4;16299;55735;72034;true;lab_codec18gzoltarcli_20230131012450
GZoltarCLI;Codec;18;5;16750;55879;72629;true;lab_codec18gzoltarcli_20230131012450
GZoltarCLI;Codec;18;6;16540;55622;72162;true;lab_codec18gzoltarcli_20230131012450
GZoltarCLI;Codec;18;7;17514;55471;72985;true;lab_codec18gzoltarcli_20230131012450
GZoltarCLI;Codec;18;8;15890;54178;70068;true;lab_codec18gzoltarcli_20230131012450
GZoltarCLI;Codec;18;9;17201;52789;69990;true;lab_codec18gzoltarcli_20230131012450
GZoltarCLI;Codec;18;10;15163;56702;71865;true;lab_codec18gzoltarcli_20230131012450
GZoltarMaven;Codec;18;1;42458;6295;48753;false;lab_codec18gzoltarmaven_20230131031104
GZoltarMaven;Codec;18;2;45112;4557;49669;false;lab_codec18gzoltarmaven_20230131031104
GZoltarMaven;Codec;18;3;43447;4448;47895;false;lab_codec18gzoltarmaven_20230131031104
GZoltarMaven;Codec;18;4;41251;4554;45805;false;lab_codec18gzoltarmaven_20230131031104
GZoltarMaven;Codec;18;5;40474;4400;44874;false;lab_codec18gzoltarmaven_20230131031104
GZoltarMaven;Codec;18;6;43546;4531;48077;false;lab_codec18gzoltarmaven_20230131031104
GZoltarMaven;Codec;18;7;41391;4416;45807;false;lab_codec18gzoltarmaven_20230131031104
GZoltarMaven;Codec;18;8;42346;4690;47036;false;lab_codec18gzoltarmaven_20230131031104
GZoltarMaven;Codec;18;9;42130;4579;46709;false;lab_codec18gzoltarmaven_20230131031104
GZoltarMaven;Codec;18;10;41495;4513;46008;false;lab_codec18gzoltarmaven_20230131031104
Jaguar2;Codec;18;1;44555;44555;44555;true;lab_codec18jaguar2_20230131021448
Jaguar2;Codec;18;2;42190;42190;42190;true;lab_codec18jaguar2_20230131021448
Jaguar2;Codec;18;3;41039;41039;41039;true;lab_codec18jaguar2_20230131021448
Jaguar2;Codec;18;4;42039;42039;42039;true;lab_codec18jaguar2_20230131021448
Jaguar2;Codec;18;5;38992;38992;38992;true;lab_codec18jaguar2_20230131021448
Jaguar2;Codec;18;6;40895;40895;40895;true;lab_codec18jaguar2_20230131021448
Jaguar2;Codec;18;7;41462;41462;41462;true;lab_codec18jaguar2_20230131021448
Jaguar2;Codec;18;8;37391;37391;37391;true;lab_codec18jaguar2_20230131021448
Jaguar2;Codec;18;9;40636;40636;40636;true;lab_codec18jaguar2_20230131021448
Jaguar2;Codec;18;10;41663;41663;41663;true;lab_codec18jaguar2_20230131021448
Jaguar;Codec;18;1;14530;68299;82829;true;lab_codec18jaguar_20230130234639
Jaguar;Codec;18;2;14531;64277;78808;true;lab_codec18jaguar_20230130234639
Jaguar;Codec;18;3;15081;65315;80396;true;lab_codec18jaguar_20230130234639
Jaguar;Codec;18;4;16379;69113;85492;true;lab_codec18jaguar_20230130234639
Jaguar;Codec;18;5;15906;64562;80468;true;lab_codec18jaguar_20230130234639
Jaguar;Codec;18;6;14251;65113;79364;true;lab_codec18jaguar_20230130234639
Jaguar;Codec;18;7;14958;66050;81008;true;lab_codec18jaguar_20230130234639
Jaguar;Codec;18;8;14850;64365;79215;true;lab_codec18jaguar_20230130234639
Jaguar;Codec;18;9;15524;67555;83079;true;lab_codec18jaguar_20230130234639
Jaguar;Codec;18;10;13871;68280;82151;true;lab_codec18jaguar_20230130234639
Verify;Codec;18;1;54644;0;54644;true;lab_codec18verify_20230203234449
Verify;Codec;18;2;40284;0;40284;true;lab_codec18verify_20230203234449
Verify;Codec;18;3;53613;0;53613;true;lab_codec18verify_20230203234449
Verify;Codec;18;4;37612;0;37612;true;lab_codec18verify_20230203234449
Verify;Codec;18;5;49308;0;49308;true;lab_codec18verify_20230203234449
Verify;Codec;18;6;43360;0;43360;true;lab_codec18verify_20230203234449
Verify;Codec;18;7;49827;0;49827;true;lab_codec18verify_20230203234449
Verify;Codec;18;8;37499;0;37499;true;lab_codec18verify_20230203234449
Verify;Codec;18;9;46278;0;46278;true;lab_codec18verify_20230203234449
Verify;Codec;18;10;40443;0;40443;true;lab_codec18verify_20230203234449
Verify;Codec;18;1;59365;0;59365;true;lab_codec18verify_20230209215152
Verify;Codec;18;2;40156;0;40156;true;lab_codec18verify_20230209215152
Verify;Codec;18;3;79344;0;79344;true;lab_codec18verify_20230209215152
Verify;Codec;18;4;34608;0;34608;true;lab_codec18verify_20230209215152
Verify;Codec;18;5;52926;0;52926;true;lab_codec18verify_20230209215152
Verify;Codec;18;6;33854;0;33854;true;lab_codec18verify_20230209215152
Verify;Codec;18;7;91622;0;91622;true;lab_codec18verify_20230209215152
Verify;Codec;18;8;34635;0;34635;true;lab_codec18verify_20230209215152
Verify;Codec;18;9;44355;0;44355;true;lab_codec18verify_20230209215152
Verify;Codec;18;10;37513;0;37513;true;lab_codec18verify_20230209215152
Flacoco;Collections;25;1;26978;1002687;1029665;false;lab_collecti25flacoco_20230131003407
Flacoco;Collections;25;2;25282;1001718;1027000;false;lab_collecti25flacoco_20230131003407
Flacoco;Collections;25;3;26033;1001611;1027644;false;lab_collecti25flacoco_20230131003407
Flacoco;Collections;25;4;26093;1001674;1027767;false;lab_collecti25flacoco_20230131003407
Flacoco;Collections;25;5;22166;1001983;1024149;false;lab_collecti25flacoco_20230131003407
Flacoco;Collections;25;6;20309;1002007;1022316;false;lab_collecti25flacoco_20230131003407
Flacoco;Collections;25;7;23640;1001920;1025560;false;lab_collecti25flacoco_20230131003407
Flacoco;Collections;25;8;23195;1001823;1025018;false;lab_collecti25flacoco_20230131003407
Flacoco;Collections;25;9;22881;1001926;1024807;false;lab_collecti25flacoco_20230131003407
Flacoco;Collections;25;10;22028;1001799;1023827;false;lab_collecti25flacoco_20230131003407
GZoltarCLI;Collections;25;1;21224;513523;534747;true;lab_collecti25gzoltarcli_20230131012602
GZoltarCLI;Collections;25;2;21315;514355;535670;true;lab_collecti25gzoltarcli_20230131012602
GZoltarCLI;Collections;25;3;21366;490742;512108;true;lab_collecti25gzoltarcli_20230131012602
GZoltarCLI;Collections;25;4;21779;507969;529748;true;lab_collecti25gzoltarcli_20230131012602
GZoltarCLI;Collections;25;5;22895;511540;534435;true;lab_collecti25gzoltarcli_20230131012602
GZoltarCLI;Collections;25;6;22271;488720;510991;true;lab_collecti25gzoltarcli_20230131012602
GZoltarCLI;Collections;25;7;20801;483376;504177;true;lab_collecti25gzoltarcli_20230131012602
GZoltarCLI;Collections;25;8;24445;481431;505876;true;lab_collecti25gzoltarcli_20230131012602
GZoltarCLI;Collections;25;9;22271;514955;537226;true;lab_collecti25gzoltarcli_20230131012602
GZoltarCLI;Collections;25;10;20848;504439;525287;true;lab_collecti25gzoltarcli_20230131012602
GZoltarMaven;Collections;25;1;178779;6659;185438;false;lab_collecti25gzoltarmaven_20230131031449
GZoltarMaven;Collections;25;2;195734;5671;201405;false;lab_collecti25gzoltarmaven_20230131031449
GZoltarMaven;Collections;25;3;176115;4874;180989;false;lab_collecti25gzoltarmaven_20230131031449
GZoltarMaven;Collections;25;4;176072;5246;181318;false;lab_collecti25gzoltarmaven_20230131031449
GZoltarMaven;Collections;25;5;171560;4157;175717;false;lab_collecti25gzoltarmaven_20230131031449
GZoltarMaven;Collections;25;6;180299;5425;185724;false;lab_collecti25gzoltarmaven_20230131031449
GZoltarMaven;Collections;25;7;174345;4224;178569;false;lab_collecti25gzoltarmaven_20230131031449
GZoltarMaven;Collections;25;8;177381;5230;182611;false;lab_collecti25gzoltarmaven_20230131031449
GZoltarMaven;Collections;25;9;176642;4932;181574;false;lab_collecti25gzoltarmaven_20230131031449
GZoltarMaven;Collections;25;10;173071;4732;177803;false;lab_collecti25gzoltarmaven_20230131031449
Jaguar2;Collections;25;1;169803;169803;169803;true;lab_collecti25jaguar2_20230131021841
Jaguar2;Collections;25;2;178457;178457;178457;true;lab_collecti25jaguar2_20230131021841
Jaguar2;Collections;25;3;126484;126484;126484;true;lab_collecti25jaguar2_20230131021841
Jaguar2;Collections;25;4;119317;119317;119317;true;lab_collecti25jaguar2_20230131021841
Jaguar2;Collections;25;5;134303;134303;134303;true;lab_collecti25jaguar2_20230131021841
Jaguar2;Collections;25;6;140217;140217;140217;true;lab_collecti25jaguar2_20230131021841
Jaguar2;Collections;25;7;136129;136129;136129;true;lab_collecti25jaguar2_20230131021841
Jaguar2;Collections;25;8;125648;125648;125648;true;lab_collecti25jaguar2_20230131021841
Jaguar2;Collections;25;9;124162;124162;124162;true;lab_collecti25jaguar2_20230131021841
Jaguar2;Collections;25;10;143148;143148;143148;true;lab_collecti25jaguar2_20230131021841
Jaguar;Collections;25;1;23015;503157;526172;true;lab_collecti25jaguar_20230130235023
Jaguar;Collections;25;2;22679;503281;525960;true;lab_collecti25jaguar_20230130235023
Jaguar;Collections;25;3;22307;503085;525392;true;lab_collecti25jaguar_20230130235023
Jaguar;Collections;25;4;21065;503355;524420;true;lab_collecti25jaguar_20230130235023
Jaguar;Collections;25;5;21228;505419;526647;true;lab_collecti25jaguar_20230130235023
Jaguar;Collections;25;6;22340;505733;528073;true;lab_collecti25jaguar_20230130235023
Jaguar;Collections;25;7;21699;502608;524307;true;lab_collecti25jaguar_20230130235023
Jaguar;Collections;25;8;21766;505947;527713;true;lab_collecti25jaguar_20230130235023
Jaguar;Collections;25;9;21739;502926;524665;true;lab_collecti25jaguar_20230130235023
Jaguar;Collections;25;10;20734;506531;527265;true;lab_collecti25jaguar_20230130235023
Verify;Collections;25;1;100111;0;100111;true;lab_collecti25verify_20230203234836
Verify;Collections;25;2;91816;0;91816;true;lab_collecti25verify_20230203234836
Verify;Collections;25;3;74579;0;74579;true;lab_collecti25verify_20230203234836
Verify;Collections;25;4;75936;0;75936;true;lab_collecti25verify_20230203234836
Verify;Collections;25;5;69479;0;69479;true;lab_collecti25verify_20230203234836
Verify;Collections;25;6;77521;0;77521;true;lab_collecti25verify_20230203234836
Verify;Collections;25;7;72134;0;72134;true;lab_collecti25verify_20230203234836
Verify;Collections;25;8;86865;0;86865;true;lab_collecti25verify_20230203234836
Verify;Collections;25;9;77378;0;77378;true;lab_collecti25verify_20230203234836
Verify;Collections;25;10;74535;0;74535;true;lab_collecti25verify_20230203234836
Verify;Collections;25;1;72431;0;72431;true;lab_collecti25verify_20230209215541
Verify;Collections;25;2;66741;0;66741;true;lab_collecti25verify_20230209215541
Verify;Collections;25;3;64675;0;64675;true;lab_collecti25verify_20230209215541
Verify;Collections;25;4;62424;0;62424;true;lab_collecti25verify_20230209215541
Verify;Collections;25;5;58776;0;58776;true;lab_collecti25verify_20230209215541
Verify;Collections;25;6;54290;0;54290;true;lab_collecti25verify_20230209215541
Verify;Collections;25;7;52766;0;52766;true;lab_collecti25verify_20230209215541
Verify;Collections;25;8;73174;0;73174;true;lab_collecti25verify_20230209215541
Verify;Collections;25;9;78263;0;78263;true;lab_collecti25verify_20230209215541
Verify;Collections;25;10;64553;0;64553;true;lab_collecti25verify_20230209215541
Flacoco;Compress;47;1;19948;779838;799786;true;lab_compress47flacoco_20230131004052
Flacoco;Compress;47;2;22807;771296;794103;true;lab_compress47flacoco_20230131004052
Flacoco;Compress;47;3;20001;764219;784220;true;lab_compress47flacoco_20230131004052
Flacoco;Compress;47;4;19462;765640;785102;true;lab_compress47flacoco_20230131004052
Flacoco;Compress;47;5;20246;771277;791523;true;lab_compress47flacoco_20230131004052
Flacoco;Compress;47;6;19413;778201;797614;true;lab_compress47flacoco_20230131004052
Flacoco;Compress;47;7;19836;773311;793147;true;lab_compress47flacoco_20230131004052
Flacoco;Compress;47;8;19074;769512;788586;true;lab_compress47flacoco_20230131004052
Flacoco;Compress;47;9;21985;767277;789262;true;lab_compress47flacoco_20230131004052
Flacoco;Compress;47;10;19316;795293;814609;true;lab_compress47flacoco_20230131004052
GZoltarCLI;Compress;47;1;22379;764196;786575;true;lab_compress47gzoltarcli_20230131013044
GZoltarCLI;Compress;47;2;23370;780159;803529;true;lab_compress47gzoltarcli_20230131013044
GZoltarCLI;Compress;47;3;21196;822651;843847;true;lab_compress47gzoltarcli_20230131013044
GZoltarCLI;Compress;47;4;21235;838243;859478;true;lab_compress47gzoltarcli_20230131013044
GZoltarCLI;Compress;47;5;22681;824316;846997;true;lab_compress47gzoltarcli_20230131013044
GZoltarCLI;Compress;47;6;22109;822982;845091;true;lab_compress47gzoltarcli_20230131013044
GZoltarCLI;Compress;47;7;24514;803788;828302;true;lab_compress47gzoltarcli_20230131013044
GZoltarCLI;Compress;47;8;20519;783076;803595;true;lab_compress47gzoltarcli_20230131013044
GZoltarCLI;Compress;47;9;23220;827544;850764;true;lab_compress47gzoltarcli_20230131013044
GZoltarCLI;Compress;47;10;21853;784392;806245;true;lab_compress47gzoltarcli_20230131013044
GZoltarMaven;Compress;47;1;70777;6208;76985;false;lab_compress47gzoltarmaven_20230131031904
GZoltarMaven;Compress;47;2;70365;4728;75093;false;lab_compress47gzoltarmaven_20230131031904
GZoltarMaven;Compress;47;3;67597;4864;72461;false;lab_compress47gzoltarmaven_20230131031904
GZoltarMaven;Compress;47;4;68657;5104;73761;false;lab_compress47gzoltarmaven_20230131031904
GZoltarMaven;Compress;47;5;70294;4520;74814;false;lab_compress47gzoltarmaven_20230131031904
GZoltarMaven;Compress;47;6;69371;4964;74335;false;lab_compress47gzoltarmaven_20230131031904
GZoltarMaven;Compress;47;7;67201;4838;72039;false;lab_compress47gzoltarmaven_20230131031904
GZoltarMaven;Compress;47;8;72413;4404;76817;false;lab_compress47gzoltarmaven_20230131031904
GZoltarMaven;Compress;47;9;70544;4257;74801;false;lab_compress47gzoltarmaven_20230131031904
GZoltarMaven;Compress;47;10;67421;4545;71966;false;lab_compress47gzoltarmaven_20230131031904
Jaguar2;Compress;47;1;52924;52924;52924;true;lab_compress47jaguar2_20230131022736
Jaguar2;Compress;47;2;53814;53814;53814;true;lab_compress47jaguar2_20230131022736
Jaguar2;Compress;47;3;58410;58410;58410;true;lab_compress47jaguar2_20230131022736
Jaguar2;Compress;47;4;56887;56887;56887;true;lab_compress47jaguar2_20230131022736
Jaguar2;Compress;47;5;56979;56979;56979;true;lab_compress47jaguar2_20230131022736
Jaguar2;Compress;47;6;53045;53045;53045;true;lab_compress47jaguar2_20230131022736
Jaguar2;Compress;47;7;57056;57056;57056;true;lab_compress47jaguar2_20230131022736
Jaguar2;Compress;47;8;60158;60158;60158;true;lab_compress47jaguar2_20230131022736
Jaguar2;Compress;47;9;54333;54333;54333;true;lab_compress47jaguar2_20230131022736
Jaguar2;Compress;47;10;54378;54378;54378;true;lab_compress47jaguar2_20230131022736
Jaguar;Compress;47;1;17645;1595;19240;false;lab_compress47jaguar_20230130235407
Jaguar;Compress;47;2;17372;1408;18780;false;lab_compress47jaguar_20230130235407
Jaguar;Compress;47;3;18826;1762;20588;false;lab_compress47jaguar_20230130235407
Jaguar;Compress;47;4;17736;1568;19304;false;lab_compress47jaguar_20230130235407
Jaguar;Compress;47;5;19326;1388;20714;false;lab_compress47jaguar_20230130235407
Jaguar;Compress;47;6;17462;1408;18870;false;lab_compress47jaguar_20230130235407
Jaguar;Compress;47;7;18700;1399;20099;false;lab_compress47jaguar_20230130235407
Jaguar;Compress;47;8;17070;1407;18477;false;lab_compress47jaguar_20230130235407
Jaguar;Compress;47;9;18080;1916;19996;false;lab_compress47jaguar_20230130235407
Jaguar;Compress;47;10;16853;1339;18192;false;lab_compress47jaguar_20230130235407
Verify;Compress;47;1;69296;0;69296;true;lab_compress47verify_20230203235252
Verify;Compress;47;2;63544;0;63544;true;lab_compress47verify_20230203235252
Verify;Compress;47;3;63579;0;63579;true;lab_compress47verify_20230203235252
Verify;Compress;47;4;58527;0;58527;true;lab_compress47verify_20230203235252
Verify;Compress;47;5;53404;0;53404;true;lab_compress47verify_20230203235252
Verify;Compress;47;6;52998;0;52998;true;lab_compress47verify_20230203235252
Verify;Compress;47;7;73510;0;73510;true;lab_compress47verify_20230203235252
Verify;Compress;47;8;67234;0;67234;true;lab_compress47verify_20230203235252
Verify;Compress;47;9;64918;0;64918;true;lab_compress47verify_20230203235252
Verify;Compress;47;10;59799;0;59799;true;lab_compress47verify_20230203235252
Verify;Compress;47;1;81097;0;81097;true;lab_compress47verify_20230209215924
Verify;Compress;47;2;72943;0;72943;true;lab_compress47verify_20230209215924
Verify;Compress;47;3;61961;0;61961;true;lab_compress47verify_20230209215924
Verify;Compress;47;4;60842;0;60842;true;lab_compress47verify_20230209215924
Verify;Compress;47;5;66581;0;66581;true;lab_compress47verify_20230209215924
Verify;Compress;47;6;47792;0;47792;true;lab_compress47verify_20230209215924
Verify;Compress;47;7;67704;0;67704;true;lab_compress47verify_20230209215924
Verify;Compress;47;8;62606;0;62606;true;lab_compress47verify_20230209215924
Verify;Compress;47;9;62850;0;62850;true;lab_compress47verify_20230209215924
Verify;Compress;47;10;91594;0;91594;true;lab_compress47verify_20230209215924
Flacoco;Csv;1;1;8825;5108;13933;true;lab_csv1flacoco_20230131004702
Flacoco;Csv;1;2;9752;4766;14518;true;lab_csv1flacoco_20230131004702
Flacoco;Csv;1;3;9438;4309;13747;true;lab_csv1flacoco_20230131004702
Flacoco;Csv;1;4;9123;4290;13413;true;lab_csv1flacoco_20230131004702
Flacoco;Csv;1;5;9703;4594;14297;true;lab_csv1flacoco_20230131004702
Flacoco;Csv;1;6;8862;4035;12897;true;lab_csv1flacoco_20230131004702
Flacoco;Csv;1;7;9248;3952;13200;true;lab_csv1flacoco_20230131004702
Flacoco;Csv;1;8;8848;4024;12872;true;lab_csv1flacoco_20230131004702
Flacoco;Csv;1;9;10538;4118;14656;true;lab_csv1flacoco_20230131004702
Flacoco;Csv;1;10;8572;4022;12594;true;lab_csv1flacoco_20230131004702
GZoltarCLI;Csv;1;1;9210;6337;15547;true;lab_csv1gzoltarcli_20230131013501
GZoltarCLI;Csv;1;2;10550;5503;16053;true;lab_csv1gzoltarcli_20230131013501
GZoltarCLI;Csv;1;3;9683;5187;14870;true;lab_csv1gzoltarcli_20230131013501
GZoltarCLI;Csv;1;4;9533;6014;15547;true;lab_csv1gzoltarcli_20230131013501
GZoltarCLI;Csv;1;5;8386;5633;14019;true;lab_csv1gzoltarcli_20230131013501
GZoltarCLI;Csv;1;6;8931;5607;14538;true;lab_csv1gzoltarcli_20230131013501
GZoltarCLI;Csv;1;7;8741;5658;14399;true;lab_csv1gzoltarcli_20230131013501
GZoltarCLI;Csv;1;8;8486;5906;14392;true;lab_csv1gzoltarcli_20230131013501
GZoltarCLI;Csv;1;9;8866;6219;15085;true;lab_csv1gzoltarcli_20230131013501
GZoltarCLI;Csv;1;10;9491;6269;15760;true;lab_csv1gzoltarcli_20230131013501
GZoltarMaven;Csv;1;1;14540;5328;19868;true;lab_csv1gzoltarmaven_20230131032522
GZoltarMaven;Csv;1;2;15210;5340;20550;true;lab_csv1gzoltarmaven_20230131032522
GZoltarMaven;Csv;1;3;15227;5850;21077;true;lab_csv1gzoltarmaven_20230131032522
GZoltarMaven;Csv;1;4;16479;5727;22206;true;lab_csv1gzoltarmaven_20230131032522
GZoltarMaven;Csv;1;5;16017;5612;21629;true;lab_csv1gzoltarmaven_20230131032522
GZoltarMaven;Csv;1;6;15256;5666;20922;true;lab_csv1gzoltarmaven_20230131032522
GZoltarMaven;Csv;1;7;14306;5126;19432;true;lab_csv1gzoltarmaven_20230131032522
GZoltarMaven;Csv;1;8;15417;5299;20716;true;lab_csv1gzoltarmaven_20230131032522
GZoltarMaven;Csv;1;9;15140;5230;20370;true;lab_csv1gzoltarmaven_20230131032522
GZoltarMaven;Csv;1;10;14162;5654;19816;true;lab_csv1gzoltarmaven_20230131032522
Jaguar2;Csv;1;1;14152;14152;14152;true;lab_csv1jaguar2_20230131023120
Jaguar2;Csv;1;2;17456;17456;17456;true;lab_csv1jaguar2_20230131023120
Jaguar2;Csv;1;3;17094;17094;17094;true;lab_csv1jaguar2_20230131023120
Jaguar2;Csv;1;4;16082;16082;16082;true;lab_csv1jaguar2_20230131023120
Jaguar2;Csv;1;5;15771;15771;15771;true;lab_csv1jaguar2_20230131023120
Jaguar2;Csv;1;6;15997;15997;15997;true;lab_csv1jaguar2_20230131023120
Jaguar2;Csv;1;7;17745;17745;17745;true;lab_csv1jaguar2_20230131023120
Jaguar2;Csv;1;8;17847;17847;17847;true;lab_csv1jaguar2_20230131023120
Jaguar2;Csv;1;9;15614;15614;15614;true;lab_csv1jaguar2_20230131023120
Jaguar2;Csv;1;10;16307;16307;16307;true;lab_csv1jaguar2_20230131023120
Jaguar;Csv;1;1;9587;6895;16482;true;lab_csv1jaguar_20230130235751
Jaguar;Csv;1;2;9789;6621;16410;true;lab_csv1jaguar_20230130235751
Jaguar;Csv;1;3;8520;6204;14724;true;lab_csv1jaguar_20230130235751
Jaguar;Csv;1;4;9516;6594;16110;true;lab_csv1jaguar_20230130235751
Jaguar;Csv;1;5;8778;6250;15028;true;lab_csv1jaguar_20230130235751
Jaguar;Csv;1;6;9285;6181;15466;true;lab_csv1jaguar_20230130235751
Jaguar;Csv;1;7;8626;6401;15027;true;lab_csv1jaguar_20230130235751
Jaguar;Csv;1;8;8281;7639;15920;true;lab_csv1jaguar_20230130235751
Jaguar;Csv;1;9;8469;6216;14685;true;lab_csv1jaguar_20230130235751
Jaguar;Csv;1;10;8749;6715;15464;true;lab_csv1jaguar_20230130235751
Verify;Csv;1;1;30251;0;30251;true;lab_csv1verify_20230203235928
Verify;Csv;1;2;10411;0;10411;true;lab_csv1verify_20230203235928
Verify;Csv;1;3;14908;0;14908;true;lab_csv1verify_20230203235928
Verify;Csv;1;4;16766;0;16766;true;lab_csv1verify_20230203235928
Verify;Csv;1;5;19801;0;19801;true;lab_csv1verify_20230203235928
Verify;Csv;1;6;28182;0;28182;true;lab_csv1verify_20230203235928
Verify;Csv;1;7;29672;0;29672;true;lab_csv1verify_20230203235928
Verify;Csv;1;8;10682;0;10682;true;lab_csv1verify_20230203235928
Verify;Csv;1;9;14077;0;14077;true;lab_csv1verify_20230203235928
Verify;Csv;1;10;15517;0;15517;true;lab_csv1verify_20230203235928
Verify;Csv;1;1;29284;0;29284;true;lab_csv1verify_20230209220237
Verify;Csv;1;2;12918;0;12918;true;lab_csv1verify_20230209220237
Verify;Csv;1;3;15299;0;15299;true;lab_csv1verify_20230209220237
Verify;Csv;1;4;18397;0;18397;true;lab_csv1verify_20230209220237
Verify;Csv;1;5;21741;0;21741;true;lab_csv1verify_20230209220237
Verify;Csv;1;6;25803;0;25803;true;lab_csv1verify_20230209220237
Verify;Csv;1;7;28580;0;28580;true;lab_csv1verify_20230209220237
Verify;Csv;1;8;11273;0;11273;true;lab_csv1verify_20230209220237
Verify;Csv;1;9;13979;0;13979;true;lab_csv1verify_20230209220237
Verify;Csv;1;10;17570;0;17570;true;lab_csv1verify_20230209220237
Flacoco;Gson;18;1;12393;36811;49204;true;lab_gson18flacoco_20230131005047
Flacoco;Gson;18;2;12417;35500;47917;true;lab_gson18flacoco_20230131005047
Flacoco;Gson;18;3;12357;35589;47946;true;lab_gson18flacoco_20230131005047
Flacoco;Gson;18;4;12540;37208;49748;true;lab_gson18flacoco_20230131005047
Flacoco;Gson;18;5;13226;35004;48230;true;lab_gson18flacoco_20230131005047
Flacoco;Gson;18;6;12912;35578;48490;true;lab_gson18flacoco_20230131005047
Flacoco;Gson;18;7;12678;35904;48582;true;lab_gson18flacoco_20230131005047
Flacoco;Gson;18;8;12669;35579;48248;true;lab_gson18flacoco_20230131005047
Flacoco;Gson;18;9;12300;38863;51163;true;lab_gson18flacoco_20230131005047
Flacoco;Gson;18;10;13877;38540;52417;true;lab_gson18flacoco_20230131005047
GZoltarCLI;Gson;18;1;11879;56989;68868;true;lab_gson18gzoltarcli_20230204002928
GZoltarCLI;Gson;18;2;12413;67927;80340;true;lab_gson18gzoltarcli_20230204002928
GZoltarCLI;Gson;18;3;12593;72810;85403;true;lab_gson18gzoltarcli_20230204002928
GZoltarCLI;Gson;18;4;12508;78496;91004;true;lab_gson18gzoltarcli_20230204002928
GZoltarCLI;Gson;18;5;12911;79061;91972;true;lab_gson18gzoltarcli_20230204002928
GZoltarCLI;Gson;18;6;14128;84229;98357;true;lab_gson18gzoltarcli_20230204002928
GZoltarCLI;Gson;18;7;15066;96871;111937;true;lab_gson18gzoltarcli_20230204002928
GZoltarCLI;Gson;18;8;11912;96072;107984;true;lab_gson18gzoltarcli_20230204002928
GZoltarCLI;Gson;18;9;13080;103445;116525;true;lab_gson18gzoltarcli_20230204002928
GZoltarCLI;Gson;18;10;12090;109946;122036;true;lab_gson18gzoltarcli_20230204002928
GZoltarMaven;Gson;18;1;24795;19299;44094;true;lab_gson18gzoltarmaven_20230131032835
GZoltarMaven;Gson;18;2;28121;16875;44996;true;lab_gson18gzoltarmaven_20230131032835
GZoltarMaven;Gson;18;3;25812;23330;49142;true;lab_gson18gzoltarmaven_20230131032835
GZoltarMaven;Gson;18;4;25138;28014;53152;true;lab_gson18gzoltarmaven_20230131032835
GZoltarMaven;Gson;18;5;25271;22574;47845;true;lab_gson18gzoltarmaven_20230131032835
GZoltarMaven;Gson;18;6;23304;21488;44792;true;lab_gson18gzoltarmaven_20230131032835
GZoltarMaven;Gson;18;7;23101;19695;42796;true;lab_gson18gzoltarmaven_20230131032835
GZoltarMaven;Gson;18;8;26896;18883;45779;true;lab_gson18gzoltarmaven_20230131032835
GZoltarMaven;Gson;18;9;26904;18084;44988;true;lab_gson18gzoltarmaven_20230131032835
GZoltarMaven;Gson;18;10;30514;18495;49009;true;lab_gson18gzoltarmaven_20230131032835
Jaguar2;Gson;18;1;36357;36357;36357;true;lab_gson18jaguar2_20230131023841
Jaguar2;Gson;18;2;36751;36751;36751;true;lab_gson18jaguar2_20230131023841
Jaguar2;Gson;18;3;36836;36836;36836;true;lab_gson18jaguar2_20230131023841
Jaguar2;Gson;18;4;34679;34679;34679;true;lab_gson18jaguar2_20230131023841
Jaguar2;Gson;18;5;36265;36265;36265;true;lab_gson18jaguar2_20230131023841
Jaguar2;Gson;18;6;34784;34784;34784;true;lab_gson18jaguar2_20230131023841
Jaguar2;Gson;18;7;35729;35729;35729;true;lab_gson18jaguar2_20230131023841
Jaguar2;Gson;18;8;36079;36079;36079;true;lab_gson18jaguar2_20230131023841
Jaguar2;Gson;18;9;35700;35700;35700;true;lab_gson18jaguar2_20230131023841
Jaguar2;Gson;18;10;35794;35794;35794;true;lab_gson18jaguar2_20230131023841
Jaguar;Gson;18;1;13485;48324;61809;true;lab_gson18jaguar_20230131000139
Jaguar;Gson;18;2;12666;47946;60612;true;lab_gson18jaguar_20230131000139
Jaguar;Gson;18;3;12174;47378;59552;true;lab_gson18jaguar_20230131000139
Jaguar;Gson;18;4;13427;50616;64043;true;lab_gson18jaguar_20230131000139
Jaguar;Gson;18;5;16554;53198;69752;true;lab_gson18jaguar_20230131000139
Jaguar;Gson;18;6;14751;49458;64209;true;lab_gson18jaguar_20230131000139
Jaguar;Gson;18;7;13887;48150;62037;true;lab_gson18jaguar_20230131000139
Jaguar;Gson;18;8;13024;48341;61365;true;lab_gson18jaguar_20230131000139
Jaguar;Gson;18;9;14913;49613;64526;true;lab_gson18jaguar_20230131000139
Jaguar;Gson;18;10;12550;49450;62000;true;lab_gson18jaguar_20230131000139
Verify;Gson;18;1;37125;0;37125;true;lab_gson18verify_20230204000517
Verify;Gson;18;2;28344;0;28344;true;lab_gson18verify_20230204000517
Verify;Gson;18;3;20608;0;20608;true;lab_gson18verify_20230204000517
Verify;Gson;18;4;18347;0;18347;true;lab_gson18verify_20230204000517
Verify;Gson;18;5;41792;0;41792;true;lab_gson18verify_20230204000517
Verify;Gson;18;6;31638;0;31638;true;lab_gson18verify_20230204000517
Verify;Gson;18;7;21977;0;21977;true;lab_gson18verify_20230204000517
Verify;Gson;18;8;19221;0;19221;true;lab_gson18verify_20230204000517
Verify;Gson;18;9;36922;0;36922;true;lab_gson18verify_20230204000517
Verify;Gson;18;10;27557;0;27557;true;lab_gson18verify_20230204000517
Verify;Gson;18;1;35599;0;35599;true;lab_gson18verify_20230209220548
Verify;Gson;18;2;28852;0;28852;true;lab_gson18verify_20230209220548
Verify;Gson;18;3;19419;0;19419;true;lab_gson18verify_20230209220548
Verify;Gson;18;4;15859;0;15859;true;lab_gson18verify_20230209220548
Verify;Gson;18;5;31262;0;31262;true;lab_gson18verify_20230209220548
Verify;Gson;18;6;25170;0;25170;true;lab_gson18verify_20230209220548
Verify;Gson;18;7;19843;0;19843;true;lab_gson18verify_20230209220548
Verify;Gson;18;8;17596;0;17596;true;lab_gson18verify_20230209220548
Verify;Gson;18;9;40008;0;40008;true;lab_gson18verify_20230209220548
Verify;Gson;18;10;26549;0;26549;true;lab_gson18verify_20230209220548
Flacoco;JacksonDatabind;80;1;25028;284736;309764;true;lab_jacksond80flacoco_20230131005418
Flacoco;JacksonDatabind;80;2;23161;294885;318046;true;lab_jacksond80flacoco_20230131005418
Flacoco;JacksonDatabind;80;3;27920;300294;328214;true;lab_jacksond80flacoco_20230131005418
Flacoco;JacksonDatabind;80;4;25116;294377;319493;true;lab_jacksond80flacoco_20230131005418
Flacoco;JacksonDatabind;80;5;25649;282026;307675;true;lab_jacksond80flacoco_20230131005418
Flacoco;JacksonDatabind;80;6;26865;299546;326411;true;lab_jacksond80flacoco_20230131005418
Flacoco;JacksonDatabind;80;7;24676;288904;313580;true;lab_jacksond80flacoco_20230131005418
Flacoco;JacksonDatabind;80;8;27304;282809;310113;true;lab_jacksond80flacoco_20230131005418
Flacoco;JacksonDatabind;80;9;26915;282033;308948;true;lab_jacksond80flacoco_20230131005418
Flacoco;JacksonDatabind;80;10;24761;289320;314081;true;lab_jacksond80flacoco_20230131005418
GZoltarCLI;JacksonDatabind;80;1;26271;194549;220820;true;lab_jacksond80gzoltarcli_20230131014430
GZoltarCLI;JacksonDatabind;80;2;27862;194361;222223;true;lab_jacksond80gzoltarcli_20230131014430
GZoltarCLI;JacksonDatabind;80;3;27299;198924;226223;true;lab_jacksond80gzoltarcli_20230131014430
GZoltarCLI;JacksonDatabind;80;4;26328;210615;236943;true;lab_jacksond80gzoltarcli_20230131014430
GZoltarCLI;JacksonDatabind;80;5;25753;220516;246269;true;lab_jacksond80gzoltarcli_20230131014430
GZoltarCLI;JacksonDatabind;80;6;24587;221612;246199;true;lab_jacksond80gzoltarcli_20230131014430
GZoltarCLI;JacksonDatabind;80;7;24557;229993;254550;true;lab_jacksond80gzoltarcli_20230131014430
GZoltarCLI;JacksonDatabind;80;8;26597;229908;256505;true;lab_jacksond80gzoltarcli_20230131014430
GZoltarCLI;JacksonDatabind;80;9;27557;243085;270642;true;lab_jacksond80gzoltarcli_20230131014430
GZoltarCLI;JacksonDatabind;80;10;25605;290805;316410;true;lab_jacksond80gzoltarcli_20230131014430
GZoltarMaven;JacksonDatabind;80;1;4586;7979;12565;false;lab_jacksond80gzoltarmaven_20230131033455
GZoltarMaven;JacksonDatabind;80;2;5577;6417;11994;false;lab_jacksond80gzoltarmaven_20230131033455
GZoltarMaven;JacksonDatabind;80;3;5396;5542;10938;false;lab_jacksond80gzoltarmaven_20230131033455
GZoltarMaven;JacksonDatabind;80;4;5155;5894;11049;false;lab_jacksond80gzoltarmaven_20230131033455
GZoltarMaven;JacksonDatabind;80;5;5215;5426;10641;false;lab_jacksond80gzoltarmaven_20230131033455
GZoltarMaven;JacksonDatabind;80;6;6271;6632;12903;false;lab_jacksond80gzoltarmaven_20230131033455
GZoltarMaven;JacksonDatabind;80;7;5356;5677;11033;false;lab_jacksond80gzoltarmaven_20230131033455
GZoltarMaven;JacksonDatabind;80;8;5774;6625;12399;false;lab_jacksond80gzoltarmaven_20230131033455
GZoltarMaven;JacksonDatabind;80;9;5500;6202;11702;false;lab_jacksond80gzoltarmaven_20230131033455
GZoltarMaven;JacksonDatabind;80;10;5583;5908;11491;false;lab_jacksond80gzoltarmaven_20230131033455
Jaguar2;JacksonDatabind;80;1;197075;197075;197075;true;lab_jacksond80jaguar2_20230131024225
Jaguar2;JacksonDatabind;80;2;204916;204916;204916;true;lab_jacksond80jaguar2_20230131024225
Jaguar2;JacksonDatabind;80;3;202145;202145;202145;true;lab_jacksond80jaguar2_20230131024225
Jaguar2;JacksonDatabind;80;4;199269;199269;199269;true;lab_jacksond80jaguar2_20230131024225
Jaguar2;JacksonDatabind;80;5;200062;200062;200062;true;lab_jacksond80jaguar2_20230131024225
Jaguar2;JacksonDatabind;80;6;207136;207136;207136;true;lab_jacksond80jaguar2_20230131024225
Jaguar2;JacksonDatabind;80;7;204690;204690;204690;true;lab_jacksond80jaguar2_20230131024225
Jaguar2;JacksonDatabind;80;8;197585;197585;197585;true;lab_jacksond80jaguar2_20230131024225
Jaguar2;JacksonDatabind;80;9;200222;200222;200222;true;lab_jacksond80jaguar2_20230131024225
Jaguar2;JacksonDatabind;80;10;209248;209248;209248;true;lab_jacksond80jaguar2_20230131024225
Jaguar;JacksonDatabind;80;1;25968;2156;28124;false;lab_jacksond80jaguar_20230131000729
Jaguar;JacksonDatabind;80;2;22275;1056;23331;false;lab_jacksond80jaguar_20230131000729
Jaguar;JacksonDatabind;80;3;27115;1532;28647;false;lab_jacksond80jaguar_20230131000729
Jaguar;JacksonDatabind;80;4;26538;1084;27622;false;lab_jacksond80jaguar_20230131000729
Jaguar;JacksonDatabind;80;5;24410;1149;25559;false;lab_jacksond80jaguar_20230131000729
Jaguar;JacksonDatabind;80;6;23165;1169;24334;false;lab_jacksond80jaguar_20230131000729
Jaguar;JacksonDatabind;80;7;22753;1138;23891;false;lab_jacksond80jaguar_20230131000729
Jaguar;JacksonDatabind;80;8;26616;1224;27840;false;lab_jacksond80jaguar_20230131000729
Jaguar;JacksonDatabind;80;9;24782;1305;26087;false;lab_jacksond80jaguar_20230131000729
Jaguar;JacksonDatabind;80;10;22781;1167;23948;false;lab_jacksond80jaguar_20230131000729
Verify;JacksonDatabind;80;1;72337;0;72337;true;lab_jacksond80verify_20230204001137
Verify;JacksonDatabind;80;2;46485;0;46485;true;lab_jacksond80verify_20230204001137
Verify;JacksonDatabind;80;3;45741;0;45741;true;lab_jacksond80verify_20230204001137
Verify;JacksonDatabind;80;4;48263;0;48263;true;lab_jacksond80verify_20230204001137
Verify;JacksonDatabind;80;5;54335;0;54335;true;lab_jacksond80verify_20230204001137
Verify;JacksonDatabind;80;6;59951;0;59951;true;lab_jacksond80verify_20230204001137
Verify;JacksonDatabind;80;7;60262;0;60262;true;lab_jacksond80verify_20230204001137
Verify;JacksonDatabind;80;8;64636;0;64636;true;lab_jacksond80verify_20230204001137
Verify;JacksonDatabind;80;9;65028;0;65028;true;lab_jacksond80verify_20230204001137
Verify;JacksonDatabind;80;10;50200;0;50200;true;lab_jacksond80verify_20230204001137
Verify;JacksonDatabind;80;1;70353;0;70353;true;lab_jacksond80verify_20230209220903
Verify;JacksonDatabind;80;2;39456;0;39456;true;lab_jacksond80verify_20230209220903
Verify;JacksonDatabind;80;3;39589;0;39589;true;lab_jacksond80verify_20230209220903
Verify;JacksonDatabind;80;4;45132;0;45132;true;lab_jacksond80verify_20230209220903
Verify;JacksonDatabind;80;5;47288;0;47288;true;lab_jacksond80verify_20230209220903
Verify;JacksonDatabind;80;6;53203;0;53203;true;lab_jacksond80verify_20230209220903
Verify;JacksonDatabind;80;7;57300;0;57300;true;lab_jacksond80verify_20230209220903
Verify;JacksonDatabind;80;8;59743;0;59743;true;lab_jacksond80verify_20230209220903
Verify;JacksonDatabind;80;9;66862;0;66862;true;lab_jacksond80verify_20230209220903
Verify;JacksonDatabind;80;10;38412;0;38412;true;lab_jacksond80verify_20230209220903
Flacoco;JacksonXml;2;1;8936;62263;71199;true;lab_jacksonx2flacoco_20230131010036
Flacoco;JacksonXml;2;2;9567;62757;72324;true;lab_jacksonx2flacoco_20230131010036
Flacoco;JacksonXml;2;3;10522;66036;76558;true;lab_jacksonx2flacoco_20230131010036
Flacoco;JacksonXml;2;4;9737;60636;70373;true;lab_jacksonx2flacoco_20230131010036
Flacoco;JacksonXml;2;5;10221;60687;70908;true;lab_jacksonx2flacoco_20230131010036
Flacoco;JacksonXml;2;6;9303;63040;72343;true;lab_jacksonx2flacoco_20230131010036
Flacoco;JacksonXml;2;7;9667;66170;75837;true;lab_jacksonx2flacoco_20230131010036
Flacoco;JacksonXml;2;8;9404;58976;68380;true;lab_jacksonx2flacoco_20230131010036
Flacoco;JacksonXml;2;9;9787;61858;71645;true;lab_jacksonx2flacoco_20230131010036
Flacoco;JacksonXml;2;10;10640;61473;72113;true;lab_jacksonx2flacoco_20230131010036
GZoltarCLI;JacksonXml;2;1;9399;65268;74667;true;lab_jacksonx2gzoltarcli_20230131015052
GZoltarCLI;JacksonXml;2;2;10828;62703;73531;true;lab_jacksonx2gzoltarcli_20230131015052
GZoltarCLI;JacksonXml;2;3;10081;63900;73981;true;lab_jacksonx2gzoltarcli_20230131015052
GZoltarCLI;JacksonXml;2;4;10204;66875;77079;true;lab_jacksonx2gzoltarcli_20230131015052
GZoltarCLI;JacksonXml;2;5;11403;60323;71726;true;lab_jacksonx2gzoltarcli_20230131015052
GZoltarCLI;JacksonXml;2;6;11101;61712;72813;true;lab_jacksonx2gzoltarcli_20230131015052
GZoltarCLI;JacksonXml;2;7;9729;62129;71858;true;lab_jacksonx2gzoltarcli_20230131015052
GZoltarCLI;JacksonXml;2;8;11909;64372;76281;true;lab_jacksonx2gzoltarcli_20230131015052
GZoltarCLI;JacksonXml;2;9;9970;67390;77360;true;lab_jacksonx2gzoltarcli_20230131015052
GZoltarCLI;JacksonXml;2;10;9932;66728;76660;true;lab_jacksonx2gzoltarcli_20230131015052
GZoltarMaven;JacksonXml;2;1;21056;12571;33627;true;lab_jacksonx2gzoltarmaven_20230131034039
GZoltarMaven;JacksonXml;2;2;19952;8772;28724;true;lab_jacksonx2gzoltarmaven_20230131034039
GZoltarMaven;JacksonXml;2;3;15613;8089;23702;true;lab_jacksonx2gzoltarmaven_20230131034039
GZoltarMaven;JacksonXml;2;4;17428;9102;26530;true;lab_jacksonx2gzoltarmaven_20230131034039
GZoltarMaven;JacksonXml;2;5;17150;8963;26113;true;lab_jacksonx2gzoltarmaven_20230131034039
GZoltarMaven;JacksonXml;2;6;15878;8224;24102;true;lab_jacksonx2gzoltarmaven_20230131034039
GZoltarMaven;JacksonXml;2;7;15708;11990;27698;true;lab_jacksonx2gzoltarmaven_20230131034039
GZoltarMaven;JacksonXml;2;8;18156;8665;26821;true;lab_jacksonx2gzoltarmaven_20230131034039
GZoltarMaven;JacksonXml;2;9;16320;8860;25180;true;lab_jacksonx2gzoltarmaven_20230131034039
GZoltarMaven;JacksonXml;2;10;16337;8823;25160;true;lab_jacksonx2gzoltarmaven_20230131034039
Jaguar2;JacksonXml;2;1;22283;22283;22283;true;lab_jacksonx2jaguar2_20230131024647
Jaguar2;JacksonXml;2;2;22470;22470;22470;true;lab_jacksonx2jaguar2_20230131024647
Jaguar2;JacksonXml;2;3;21788;21788;21788;true;lab_jacksonx2jaguar2_20230131024647
Jaguar2;JacksonXml;2;4;21674;21674;21674;true;lab_jacksonx2jaguar2_20230131024647
Jaguar2;JacksonXml;2;5;21980;21980;21980;true;lab_jacksonx2jaguar2_20230131024647
Jaguar2;JacksonXml;2;6;23991;23991;23991;true;lab_jacksonx2jaguar2_20230131024647
Jaguar2;JacksonXml;2;7;23773;23773;23773;true;lab_jacksonx2jaguar2_20230131024647
Jaguar2;JacksonXml;2;8;22889;22889;22889;true;lab_jacksonx2jaguar2_20230131024647
Jaguar2;JacksonXml;2;9;20491;20491;20491;true;lab_jacksonx2jaguar2_20230131024647
Jaguar2;JacksonXml;2;10;21409;21409;21409;true;lab_jacksonx2jaguar2_20230131024647
Jaguar;JacksonXml;2;1;11138;1353;12491;false;lab_jacksonx2jaguar_20230131001114
Jaguar;JacksonXml;2;2;11569;1272;12841;false;lab_jacksonx2jaguar_20230131001114
Jaguar;JacksonXml;2;3;11077;1170;12247;false;lab_jacksonx2jaguar_20230131001114
Jaguar;JacksonXml;2;4;10538;1389;11927;false;lab_jacksonx2jaguar_20230131001114
Jaguar;JacksonXml;2;5;10293;1242;11535;false;lab_jacksonx2jaguar_20230131001114
Jaguar;JacksonXml;2;6;10881;1327;12208;false;lab_jacksonx2jaguar_20230131001114
Jaguar;JacksonXml;2;7;11254;1216;12470;false;lab_jacksonx2jaguar_20230131001114
Jaguar;JacksonXml;2;8;13554;1580;15134;false;lab_jacksonx2jaguar_20230131001114
Jaguar;JacksonXml;2;9;11097;1255;12352;false;lab_jacksonx2jaguar_20230131001114
Jaguar;JacksonXml;2;10;10429;1203;11632;false;lab_jacksonx2jaguar_20230131001114
Verify;JacksonXml;2;1;25263;0;25263;true;lab_jacksonx2verify_20230204001831
Verify;JacksonXml;2;2;22516;0;22516;true;lab_jacksonx2verify_20230204001831
Verify;JacksonXml;2;3;17980;0;17980;true;lab_jacksonx2verify_20230204001831
Verify;JacksonXml;2;4;14626;0;14626;true;lab_jacksonx2verify_20230204001831
Verify;JacksonXml;2;5;12557;0;12557;true;lab_jacksonx2verify_20230204001831
Verify;JacksonXml;2;6;28718;0;28718;true;lab_jacksonx2verify_20230204001831
Verify;JacksonXml;2;7;21274;0;21274;true;lab_jacksonx2verify_20230204001831
Verify;JacksonXml;2;8;18577;0;18577;true;lab_jacksonx2verify_20230204001831
Verify;JacksonXml;2;9;15233;0;15233;true;lab_jacksonx2verify_20230204001831
Verify;JacksonXml;2;10;13579;0;13579;true;lab_jacksonx2verify_20230204001831
Verify;JacksonXml;2;1;30383;0;30383;true;lab_jacksonx2verify_20230209221244
Verify;JacksonXml;2;2;28329;0;28329;true;lab_jacksonx2verify_20230209221244
Verify;JacksonXml;2;3;21440;0;21440;true;lab_jacksonx2verify_20230209221244
Verify;JacksonXml;2;4;15935;0;15935;true;lab_jacksonx2verify_20230209221244
Verify;JacksonXml;2;5;13096;0;13096;true;lab_jacksonx2verify_20230209221244
Verify;JacksonXml;2;6;32418;0;32418;true;lab_jacksonx2verify_20230209221244
Verify;JacksonXml;2;7;24765;0;24765;true;lab_jacksonx2verify_20230209221244
Verify;JacksonXml;2;8;19437;0;19437;true;lab_jacksonx2verify_20230209221244
Verify;JacksonXml;2;9;14878;0;14878;true;lab_jacksonx2verify_20230209221244
Verify;JacksonXml;2;10;12606;0;12606;true;lab_jacksonx2verify_20230209221244
Flacoco;Jsoup;93;1;15868;3239;19107;false;lab_jsoup93flacoco_20230131010419
Flacoco;Jsoup;93;2;15193;3452;18645;false;lab_jsoup93flacoco_20230131010419
Flacoco;Jsoup;93;3;15201;3301;18502;false;lab_jsoup93flacoco_20230131010419
Flacoco;Jsoup;93;4;16505;4031;20536;false;lab_jsoup93flacoco_20230131010419
Flacoco;Jsoup;93;5;16975;4158;21133;false;lab_jsoup93flacoco_20230131010419
Flacoco;Jsoup;93;6;16327;3230;19557;false;lab_jsoup93flacoco_20230131010419
Flacoco;Jsoup;93;7;15420;3331;18751;false;lab_jsoup93flacoco_20230131010419
Flacoco;Jsoup;93;8;15742;3735;19477;false;lab_jsoup93flacoco_20230131010419
Flacoco;Jsoup;93;9;15600;3220;18820;false;lab_jsoup93flacoco_20230131010419
Flacoco;Jsoup;93;10;15983;3495;19478;false;lab_jsoup93flacoco_20230131010419
GZoltarCLI;Jsoup;93;1;23040;172616;195656;true;lab_jsoup93gzoltarcli_20230131015710
GZoltarCLI;Jsoup;93;2;17744;181129;198873;true;lab_jsoup93gzoltarcli_20230131015710
GZoltarCLI;Jsoup;93;3;21244;201710;222954;true;lab_jsoup93gzoltarcli_20230131015710
GZoltarCLI;Jsoup;93;4;17987;197096;215083;true;lab_jsoup93gzoltarcli_20230131015710
GZoltarCLI;Jsoup;93;5;24307;237347;261654;true;lab_jsoup93gzoltarcli_20230131015710
GZoltarCLI;Jsoup;93;6;17075;202662;219737;true;lab_jsoup93gzoltarcli_20230131015710
GZoltarCLI;Jsoup;93;7;16569;214033;230602;true;lab_jsoup93gzoltarcli_20230131015710
GZoltarCLI;Jsoup;93;8;16381;225527;241908;true;lab_jsoup93gzoltarcli_20230131015710
GZoltarCLI;Jsoup;93;9;19032;236071;255103;true;lab_jsoup93gzoltarcli_20230131015710
GZoltarCLI;Jsoup;93;10;17792;245882;263674;true;lab_jsoup93gzoltarcli_20230131015710
GZoltarMaven;Jsoup;93;1;31410;27873;59283;true;lab_jsoup93gzoltarmaven_20230131034627
GZoltarMaven;Jsoup;93;2;33275;23223;56498;true;lab_jsoup93gzoltarmaven_20230131034627
GZoltarMaven;Jsoup;93;3;30244;23193;53437;true;lab_jsoup93gzoltarmaven_20230131034627
GZoltarMaven;Jsoup;93;4;31292;25726;57018;true;lab_jsoup93gzoltarmaven_20230131034627
GZoltarMaven;Jsoup;93;5;33992;25700;59692;true;lab_jsoup93gzoltarmaven_20230131034627
GZoltarMaven;Jsoup;93;6;30675;25283;55958;true;lab_jsoup93gzoltarmaven_20230131034627
GZoltarMaven;Jsoup;93;7;34273;28078;62351;true;lab_jsoup93gzoltarmaven_20230131034627
GZoltarMaven;Jsoup;93;8;33321;27551;60872;true;lab_jsoup93gzoltarmaven_20230131034627
GZoltarMaven;Jsoup;93;9;33549;27925;61474;true;lab_jsoup93gzoltarmaven_20230131034627
GZoltarMaven;Jsoup;93;10;33142;23423;56565;true;lab_jsoup93gzoltarmaven_20230131034627
Jaguar2;Jsoup;93;1;43687;43687;43687;true;lab_jsoup93jaguar2_20230131025105
Jaguar2;Jsoup;93;2;43428;43428;43428;true;lab_jsoup93jaguar2_20230131025105
Jaguar2;Jsoup;93;3;44767;44767;44767;true;lab_jsoup93jaguar2_20230131025105
Jaguar2;Jsoup;93;4;45744;45744;45744;true;lab_jsoup93jaguar2_20230131025105
Jaguar2;Jsoup;93;5;44462;44462;44462;true;lab_jsoup93jaguar2_20230131025105
Jaguar2;Jsoup;93;6;48028;48028;48028;true;lab_jsoup93jaguar2_20230131025105
Jaguar2;Jsoup;93;7;42717;42717;42717;true;lab_jsoup93jaguar2_20230131025105
Jaguar2;Jsoup;93;8;44229;44229;44229;true;lab_jsoup93jaguar2_20230131025105
Jaguar2;Jsoup;93;9;46894;46894;46894;true;lab_jsoup93jaguar2_20230131025105
Jaguar2;Jsoup;93;10;46324;46324;46324;true;lab_jsoup93jaguar2_20230131025105
Jaguar;Jsoup;93;1;15038;41329;56367;true;lab_jsoup93jaguar_20230131001805
Jaguar;Jsoup;93;2;14644;42275;56919;true;lab_jsoup93jaguar_20230131001805
Jaguar;Jsoup;93;3;16273;44801;61074;true;lab_jsoup93jaguar_20230131001805
Jaguar;Jsoup;93;4;14639;41932;56571;true;lab_jsoup93jaguar_20230131001805
Jaguar;Jsoup;93;5;14607;39421;54028;true;lab_jsoup93jaguar_20230131001805
Jaguar;Jsoup;93;6;15726;40615;56341;true;lab_jsoup93jaguar_20230131001805
Jaguar;Jsoup;93;7;14642;41898;56540;true;lab_jsoup93jaguar_20230131001805
Jaguar;Jsoup;93;8;13741;39439;53180;true;lab_jsoup93jaguar_20230131001805
Jaguar;Jsoup;93;9;14045;39589;53634;true;lab_jsoup93jaguar_20230131001805
Jaguar;Jsoup;93;10;15069;41662;56731;true;lab_jsoup93jaguar_20230131001805
Verify;Jsoup;93;1;43238;0;43238;true;lab_jsoup93verify_20230204002216
Verify;Jsoup;93;2;31424;0;31424;true;lab_jsoup93verify_20230204002216
Verify;Jsoup;93;3;41967;0;41967;true;lab_jsoup93verify_20230204002216
Verify;Jsoup;93;4;32947;0;32947;true;lab_jsoup93verify_20230204002216
Verify;Jsoup;93;5;40394;0;40394;true;lab_jsoup93verify_20230204002216
Verify;Jsoup;93;6;31693;0;31693;true;lab_jsoup93verify_20230204002216
Verify;Jsoup;93;7;43398;0;43398;true;lab_jsoup93verify_20230204002216
Verify;Jsoup;93;8;29953;0;29953;true;lab_jsoup93verify_20230204002216
Verify;Jsoup;93;9;40999;0;40999;true;lab_jsoup93verify_20230204002216
Verify;Jsoup;93;10;33943;0;33943;true;lab_jsoup93verify_20230204002216
Verify;Jsoup;93;1;36323;0;36323;true;lab_jsoup93verify_20230209221627
Verify;Jsoup;93;2;22687;0;22687;true;lab_jsoup93verify_20230209221627
Verify;Jsoup;93;3;39256;0;39256;true;lab_jsoup93verify_20230209221627
Verify;Jsoup;93;4;21157;0;21157;true;lab_jsoup93verify_20230209221627
Verify;Jsoup;93;5;34819;0;34819;true;lab_jsoup93verify_20230209221627
Verify;Jsoup;93;6;20769;0;20769;true;lab_jsoup93verify_20230209221627
Verify;Jsoup;93;7;31815;0;31815;true;lab_jsoup93verify_20230209221627
Verify;Jsoup;93;8;22026;0;22026;true;lab_jsoup93verify_20230209221627
Verify;Jsoup;93;9;32486;0;32486;true;lab_jsoup93verify_20230209221627
Verify;Jsoup;93;10;17120;0;17120;true;lab_jsoup93verify_20230209221627
Flacoco;Lang;1;1;16203;133460;149663;true;lab_lang1flacoco_20230131011033
Flacoco;Lang;1;2;17817;119415;137232;true;lab_lang1flacoco_20230131011033
Flacoco;Lang;1;3;16097;109151;125248;true;lab_lang1flacoco_20230131011033
Flacoco;Lang;1;4;17402;115333;132735;true;lab_lang1flacoco_20230131011033
Flacoco;Lang;1;5;17082;114970;132052;true;lab_lang1flacoco_20230131011033
Flacoco;Lang;1;6;16469;111037;127506;true;lab_lang1flacoco_20230131011033
Flacoco;Lang;1;7;16550;113025;129575;true;lab_lang1flacoco_20230131011033
Flacoco;Lang;1;8;17781;117935;135716;true;lab_lang1flacoco_20230131011033
Flacoco;Lang;1;9;17399;117301;134700;true;lab_lang1flacoco_20230131011033
Flacoco;Lang;1;10;16614;109765;126379;true;lab_lang1flacoco_20230131011033
GZoltarCLI;Lang;1;1;15887;98566;114453;true;lab_lang1gzoltarcli_20230131020127
GZoltarCLI;Lang;1;2;16632;118877;135509;true;lab_lang1gzoltarcli_20230131020127
GZoltarCLI;Lang;1;3;17521;148752;166273;true;lab_lang1gzoltarcli_20230131020127
GZoltarCLI;Lang;1;4;16933;179598;196531;true;lab_lang1gzoltarcli_20230131020127
GZoltarCLI;Lang;1;5;16661;200937;217598;true;lab_lang1gzoltarcli_20230131020127
GZoltarCLI;Lang;1;6;16553;228545;245098;true;lab_lang1gzoltarcli_20230131020127
GZoltarCLI;Lang;1;7;16200;246204;262404;true;lab_lang1gzoltarcli_20230131020127
GZoltarCLI;Lang;1;8;17518;288327;305845;true;lab_lang1gzoltarcli_20230131020127
GZoltarCLI;Lang;1;9;17229;314225;331454;true;lab_lang1gzoltarcli_20230131020127
GZoltarCLI;Lang;1;10;16606;326938;343544;true;lab_lang1gzoltarcli_20230131020127
GZoltarMaven;Lang;1;1;74193;193382;267575;true;lab_lang1gzoltarmaven_20230131035311
GZoltarMaven;Lang;1;2;73622;96850;170472;true;lab_lang1gzoltarmaven_20230131035311
GZoltarMaven;Lang;1;3;76619;95250;171869;true;lab_lang1gzoltarmaven_20230131035311
GZoltarMaven;Lang;1;4;76225;95586;171811;true;lab_lang1gzoltarmaven_20230131035311
GZoltarMaven;Lang;1;5;76459;112048;188507;true;lab_lang1gzoltarmaven_20230131035311
GZoltarMaven;Lang;1;6;78936;96725;175661;true;lab_lang1gzoltarmaven_20230131035311
GZoltarMaven;Lang;1;7;73438;107289;180727;true;lab_lang1gzoltarmaven_20230131035311
GZoltarMaven;Lang;1;8;76366;95405;171771;true;lab_lang1gzoltarmaven_20230131035311
GZoltarMaven;Lang;1;9;74101;98575;172676;true;lab_lang1gzoltarmaven_20230131035311
GZoltarMaven;Lang;1;10;74846;104948;179794;true;lab_lang1gzoltarmaven_20230131035311
Jaguar2;Lang;1;1;72507;72507;72507;true;lab_lang1jaguar2_20230131025417
Jaguar2;Lang;1;2;68065;68065;68065;true;lab_lang1jaguar2_20230131025417
Jaguar2;Lang;1;3;71146;71146;71146;true;lab_lang1jaguar2_20230131025417
Jaguar2;Lang;1;4;72850;72850;72850;true;lab_lang1jaguar2_20230131025417
Jaguar2;Lang;1;5;70566;70566;70566;true;lab_lang1jaguar2_20230131025417
Jaguar2;Lang;1;6;66137;66137;66137;true;lab_lang1jaguar2_20230131025417
Jaguar2;Lang;1;7;67918;67918;67918;true;lab_lang1jaguar2_20230131025417
Jaguar2;Lang;1;8;72054;72054;72054;true;lab_lang1jaguar2_20230131025417
Jaguar2;Lang;1;9;69483;69483;69483;true;lab_lang1jaguar2_20230131025417
Jaguar2;Lang;1;10;70893;70893;70893;true;lab_lang1jaguar2_20230131025417
Jaguar;Lang;1;1;16645;116542;133187;true;lab_lang1jaguar_20230131001944
Jaguar;Lang;1;2;17016;115343;132359;true;lab_lang1jaguar_20230131001944
Jaguar;Lang;1;3;17240;116000;133240;true;lab_lang1jaguar_20230131001944
Jaguar;Lang;1;4;19229;113829;133058;true;lab_lang1jaguar_20230131001944
Jaguar;Lang;1;5;16938;115858;132796;true;lab_lang1jaguar_20230131001944
Jaguar;Lang;1;6;16758;118223;134981;true;lab_lang1jaguar_20230131001944
Jaguar;Lang;1;7;17706;117018;134724;true;lab_lang1jaguar_20230131001944
Jaguar;Lang;1;8;17270;115553;132823;true;lab_lang1jaguar_20230131001944
Jaguar;Lang;1;9;17383;116617;134000;true;lab_lang1jaguar_20230131001944
Jaguar;Lang;1;10;16577;115878;132455;true;lab_lang1jaguar_20230131001944
Verify;Lang;1;1;67923;0;67923;true;lab_lang1verify_20230204002835
Verify;Lang;1;2;54455;0;54455;true;lab_lang1verify_20230204002835
Verify;Lang;1;3;63919;0;63919;true;lab_lang1verify_20230204002835
Verify;Lang;1;4;70852;0;70852;true;lab_lang1verify_20230204002835
Verify;Lang;1;5;52683;0;52683;true;lab_lang1verify_20230204002835
Verify;Lang;1;6;62087;0;62087;true;lab_lang1verify_20230204002835
Verify;Lang;1;7;71189;0;71189;true;lab_lang1verify_20230204002835
Verify;Lang;1;8;53144;0;53144;true;lab_lang1verify_20230204002835
Verify;Lang;1;9;61249;0;61249;true;lab_lang1verify_20230204002835
Verify;Lang;1;10;75877;0;75877;true;lab_lang1verify_20230204002835
Verify;Lang;1;1;290371;0;290371;true;lab_lang1verify_20230209222008
Verify;Lang;1;2;73464;0;73464;true;lab_lang1verify_20230209222008
Verify;Lang;1;3;108310;0;108310;true;lab_lang1verify_20230209222008
Verify;Lang;1;4;76743;0;76743;true;lab_lang1verify_20230209222008
Verify;Lang;1;5;52182;0;52182;true;lab_lang1verify_20230209222008
Verify;Lang;1;6;72420;0;72420;true;lab_lang1verify_20230209222008
Verify;Lang;1;7;70241;0;70241;true;lab_lang1verify_20230209222008
Verify;Lang;1;8;51585;0;51585;true;lab_lang1verify_20230209222008
Verify;Lang;1;9;59412;0;59412;true;lab_lang1verify_20230209222008
Verify;Lang;1;10;75381;0;75381;true;lab_lang1verify_20230209222008
Flacoco;Math;104;1;13995;42291;56286;true;lab_math104flacoco_20230131011417
Flacoco;Math;104;2;15982;41253;57235;true;lab_math104flacoco_20230131011417
Flacoco;Math;104;3;13821;42472;56293;true;lab_math104flacoco_20230131011417
Flacoco;Math;104;4;14796;41714;56510;true;lab_math104flacoco_20230131011417
Flacoco;Math;104;5;14304;40583;54887;true;lab_math104flacoco_20230131011417
Flacoco;Math;104;6;15641;42062;57703;true;lab_math104flacoco_20230131011417
Flacoco;Math;104;7;13268;39510;52778;true;lab_math104flacoco_20230131011417
Flacoco;Math;104;8;15601;40798;56399;true;lab_math104flacoco_20230131011417
Flacoco;Math;104;9;14629;41448;56077;true;lab_math104flacoco_20230131011417
Flacoco;Math;104;10;15365;42545;57910;true;lab_math104flacoco_20230131011417
GZoltarCLI;Math;104;1;11355;30670;42025;true;lab_math104gzoltarcli_20230131020517
GZoltarCLI;Math;104;2;13705;31815;45520;true;lab_math104gzoltarcli_20230131020517
GZoltarCLI;Math;104;3;10700;30188;40888;true;lab_math104gzoltarcli_20230131020517
GZoltarCLI;Math;104;4;12712;29333;42045;true;lab_math104gzoltarcli_20230131020517
GZoltarCLI;Math;104;5;12579;29644;42223;true;lab_math104gzoltarcli_20230131020517
GZoltarCLI;Math;104;6;12888;31268;44156;true;lab_math104gzoltarcli_20230131020517
GZoltarCLI;Math;104;7;11607;36921;48528;true;lab_math104gzoltarcli_20230131020517
GZoltarCLI;Math;104;8;14561;30540;45101;true;lab_math104gzoltarcli_20230131020517
GZoltarCLI;Math;104;9;12678;31458;44136;true;lab_math104gzoltarcli_20230131020517
GZoltarCLI;Math;104;10;12023;28282;40305;true;lab_math104gzoltarcli_20230131020517
GZoltarMaven;Math;104;1;23993;12927;36920;true;lab_math104gzoltarmaven_20230131035726
GZoltarMaven;Math;104;2;23418;13809;37227;true;lab_math104gzoltarmaven_20230131035726
GZoltarMaven;Math;104;3;24767;15999;40766;true;lab_math104gzoltarmaven_20230131035726
GZoltarMaven;Math;104;4;24209;12942;37151;true;lab_math104gzoltarmaven_20230131035726
GZoltarMaven;Math;104;5;22317;13757;36074;true;lab_math104gzoltarmaven_20230131035726
GZoltarMaven;Math;104;6;24326;12354;36680;true;lab_math104gzoltarmaven_20230131035726
GZoltarMaven;Math;104;7;23517;13285;36802;true;lab_math104gzoltarmaven_20230131035726
GZoltarMaven;Math;104;8;24372;14630;39002;true;lab_math104gzoltarmaven_20230131035726
GZoltarMaven;Math;104;9;24807;12128;36935;true;lab_math104gzoltarmaven_20230131035726
GZoltarMaven;Math;104;10;26733;12308;39041;true;lab_math104gzoltarmaven_20230131035726
Jaguar2;Math;104;1;42387;42387;42387;true;lab_math104jaguar2_20230131025759
Jaguar2;Math;104;2;41607;41607;41607;true;lab_math104jaguar2_20230131025759
Jaguar2;Math;104;3;45008;45008;45008;true;lab_math104jaguar2_20230131025759
Jaguar2;Math;104;4;46832;46832;46832;true;lab_math104jaguar2_20230131025759
Jaguar2;Math;104;5;44669;44669;44669;true;lab_math104jaguar2_20230131025759
Jaguar2;Math;104;6;45978;45978;45978;true;lab_math104jaguar2_20230131025759
Jaguar2;Math;104;7;40561;40561;40561;true;lab_math104jaguar2_20230131025759
Jaguar2;Math;104;8;41260;41260;41260;true;lab_math104jaguar2_20230131025759
Jaguar2;Math;104;9;35303;35303;35303;true;lab_math104jaguar2_20230131025759
Jaguar2;Math;104;10;37430;37430;37430;true;lab_math104jaguar2_20230131025759
Jaguar;Math;104;1;10005;48481;58486;true;lab_math104jaguar_20230131002259
Jaguar;Math;104;2;10343;46863;57206;true;lab_math104jaguar_20230131002259
Jaguar;Math;104;3;10717;46189;56906;true;lab_math104jaguar_20230131002259
Jaguar;Math;104;4;11147;46184;57331;true;lab_math104jaguar_20230131002259
Jaguar;Math;104;5;10039;46512;56551;true;lab_math104jaguar_20230131002259
Jaguar;Math;104;6;10006;46352;56358;true;lab_math104jaguar_20230131002259
Jaguar;Math;104;7;9869;47841;57710;true;lab_math104jaguar_20230131002259
Jaguar;Math;104;8;9982;45722;55704;true;lab_math104jaguar_20230131002259
Jaguar;Math;104;9;9948;47397;57345;true;lab_math104jaguar_20230131002259
Jaguar;Math;104;10;9825;44538;54363;true;lab_math104jaguar_20230131002259
Verify;Math;104;1;39493;0;39493;true;lab_math104verify_20230204003219
Verify;Math;104;2;33943;0;33943;true;lab_math104verify_20230204003219
Verify;Math;104;3;26442;0;26442;true;lab_math104verify_20230204003219
Verify;Math;104;4;26006;0;26006;true;lab_math104verify_20230204003219
Verify;Math;104;5;23611;0;23611;true;lab_math104verify_20230204003219
Verify;Math;104;6;26214;0;26214;true;lab_math104verify_20230204003219
Verify;Math;104;7;37148;0;37148;true;lab_math104verify_20230204003219
Verify;Math;104;8;28478;0;28478;true;lab_math104verify_20230204003219
Verify;Math;104;9;27933;0;27933;true;lab_math104verify_20230204003219
Verify;Math;104;10;24342;0;24342;true;lab_math104verify_20230204003219
Verify;Math;104;1;33077;0;33077;true;lab_math104verify_20230209222349
Verify;Math;104;2;37094;0;37094;true;lab_math104verify_20230209222349
Verify;Math;104;3;27883;0;27883;true;lab_math104verify_20230209222349
Verify;Math;104;4;23647;0;23647;true;lab_math104verify_20230209222349
Verify;Math;104;5;22997;0;22997;true;lab_math104verify_20230209222349
Verify;Math;104;6;21862;0;21862;true;lab_math104verify_20230209222349
Verify;Math;104;7;38324;0;38324;true;lab_math104verify_20230209222349
Verify;Math;104;8;29225;0;29225;true;lab_math104verify_20230209222349
Verify;Math;104;9;22688;0;22688;true;lab_math104verify_20230209222349
Verify;Math;104;10;21927;0;21927;true;lab_math104verify_20230209222349
Flacoco;Time;1;1;22541;272781;295322;true;lab_time1flacoco_20230131012037
Flacoco;Time;1;2;25948;278437;304385;true;lab_time1flacoco_20230131012037
Flacoco;Time;1;3;22450;292792;315242;true;lab_time1flacoco_20230131012037
Flacoco;Time;1;4;21901;288961;310862;true;lab_time1flacoco_20230131012037
Flacoco;Time;1;5;20837;255461;276298;true;lab_time1flacoco_20230131012037
Flacoco;Time;1;6;22153;269797;291950;true;lab_time1flacoco_20230131012037
Flacoco;Time;1;7;22199;265573;287772;true;lab_time1flacoco_20230131012037
Flacoco;Time;1;8;22257;261098;283355;true;lab_time1flacoco_20230131012037
Flacoco;Time;1;9;21680;256821;278501;true;lab_time1flacoco_20230131012037
Flacoco;Time;1;10;21001;258165;279166;true;lab_time1flacoco_20230131012037
GZoltarCLI;Time;1;1;26122;320316;346438;true;lab_time1gzoltarcli_20230131020904
GZoltarCLI;Time;1;2;24846;337799;362645;true;lab_time1gzoltarcli_20230131020904
GZoltarCLI;Time;1;3;29672;365145;394817;true;lab_time1gzoltarcli_20230131020904
GZoltarCLI;Time;1;4;25860;372405;398265;true;lab_time1gzoltarcli_20230131020904
GZoltarCLI;Time;1;5;25652;389835;415487;true;lab_time1gzoltarcli_20230131020904
GZoltarCLI;Time;1;6;26430;439368;465798;true;lab_time1gzoltarcli_20230131020904
GZoltarCLI;Time;1;7;25577;491408;516985;true;lab_time1gzoltarcli_20230131020904
GZoltarCLI;Time;1;8;34563;513077;547640;true;lab_time1gzoltarcli_20230131020904
GZoltarCLI;Time;1;9;26069;553528;579597;true;lab_time1gzoltarcli_20230131020904
GZoltarCLI;Time;1;10;28508;583730;612238;true;lab_time1gzoltarcli_20230131020904
GZoltarMaven;Time;1;1;41080;4641;45721;false;lab_time1gzoltarmaven_20230131040142
GZoltarMaven;Time;1;2;45551;3814;49365;false;lab_time1gzoltarmaven_20230131040142
GZoltarMaven;Time;1;3;41849;4739;46588;false;lab_time1gzoltarmaven_20230131040142
GZoltarMaven;Time;1;4;41613;4085;45698;false;lab_time1gzoltarmaven_20230131040142
GZoltarMaven;Time;1;5;41798;4597;46395;false;lab_time1gzoltarmaven_20230131040142
GZoltarMaven;Time;1;6;42063;3776;45839;false;lab_time1gzoltarmaven_20230131040142
GZoltarMaven;Time;1;7;40885;4423;45308;false;lab_time1gzoltarmaven_20230131040142
GZoltarMaven;Time;1;8;42061;3812;45873;false;lab_time1gzoltarmaven_20230131040142
GZoltarMaven;Time;1;9;42527;4183;46710;false;lab_time1gzoltarmaven_20230131040142
GZoltarMaven;Time;1;10;41300;5036;46336;false;lab_time1gzoltarmaven_20230131040142
Jaguar2;Time;1;1;99954;99954;99954;true;lab_time1jaguar2_20230131030449
Jaguar2;Time;1;2;99292;99292;99292;true;lab_time1jaguar2_20230131030449
Jaguar2;Time;1;3;100584;100584;100584;true;lab_time1jaguar2_20230131030449
Jaguar2;Time;1;4;103914;103914;103914;true;lab_time1jaguar2_20230131030449
Jaguar2;Time;1;5;102064;102064;102064;true;lab_time1jaguar2_20230131030449
Jaguar2;Time;1;6;96917;96917;96917;true;lab_time1jaguar2_20230131030449
Jaguar2;Time;1;7;99154;99154;99154;true;lab_time1jaguar2_20230131030449
Jaguar2;Time;1;8;104092;104092;104092;true;lab_time1jaguar2_20230131030449
Jaguar2;Time;1;9;110868;110868;110868;true;lab_time1jaguar2_20230131030449
Jaguar2;Time;1;10;101272;101272;101272;true;lab_time1jaguar2_20230131030449
Jaguar;Time;1;1;24089;2848;26937;false;lab_time1jaguar_20230131002641
Jaguar;Time;1;2;25175;2108;27283;false;lab_time1jaguar_20230131002641
Jaguar;Time;1;3;23832;2041;25873;false;lab_time1jaguar_20230131002641
Jaguar;Time;1;4;24437;1967;26404;false;lab_time1jaguar_20230131002641
Jaguar;Time;1;5;24380;2214;26594;false;lab_time1jaguar_20230131002641
Jaguar;Time;1;6;23193;2093;25286;false;lab_time1jaguar_20230131002641
Jaguar;Time;1;7;22988;2048;25036;false;lab_time1jaguar_20230131002641
Jaguar;Time;1;8;24440;2524;26964;false;lab_time1jaguar_20230131002641
Jaguar;Time;1;9;24266;2174;26440;false;lab_time1jaguar_20230131002641
Jaguar;Time;1;10;25044;2843;27887;false;lab_time1jaguar_20230131002641
Verify;Time;1;1;53410;0;53410;true;lab_time1verify_20230204003805
Verify;Time;1;2;28436;0;28436;true;lab_time1verify_20230204003805
Verify;Time;1;3;37275;0;37275;true;lab_time1verify_20230204003805
Verify;Time;1;4;43065;0;43065;true;lab_time1verify_20230204003805
Verify;Time;1;5;41190;0;41190;true;lab_time1verify_20230204003805
Verify;Time;1;6;50385;0;50385;true;lab_time1verify_20230204003805
Verify;Time;1;7;33748;0;33748;true;lab_time1verify_20230204003805
Verify;Time;1;8;28186;0;28186;true;lab_time1verify_20230204003805
Verify;Time;1;9;41711;0;41711;true;lab_time1verify_20230204003805
Verify;Time;1;10;46266;0;46266;true;lab_time1verify_20230204003805
Verify;Time;1;1;47036;0;47036;true;lab_time1verify_20230209222738
Verify;Time;1;2;31072;0;31072;true;lab_time1verify_20230209222738
Verify;Time;1;3;34602;0;34602;true;lab_time1verify_20230209222738
Verify;Time;1;4;37795;0;37795;true;lab_time1verify_20230209222738
Verify;Time;1;5;41854;0;41854;true;lab_time1verify_20230209222738
Verify;Time;1;6;44276;0;44276;true;lab_time1verify_20230209222738
Verify;Time;1;7;30163;0;30163;true;lab_time1verify_20230209222738
Verify;Time;1;8;30637;0;30637;true;lab_time1verify_20230209222738
Verify;Time;1;9;34987;0;34987;true;lab_time1verify_20230209222738
Verify;Time;1;10;38597;0;38597;true;lab_time1verify_20230209222738
